[{"_index":"plugin_fetchables_production_20170703232747472","_type":"plugin/fetchable","_id":"5605a5043863320003df0300","_score":1,"_source":{"updated_at":"2015-09-25T19:48:21.140Z","created_at":"2015-09-25T19:48:20.301Z","url":"https://www.linkedin.com/sales/profile/4016880,8-Qs,NAME_SEARCH/connections?_=1443210497428","type":"linkedin_connections_data","description":"Yaman Alpata","source":null,"response_status":"200","campaign_id":"56058393333565000aa50000","company_id":null,"user_company_id":null,"user_id":"55b26ab3396664000a170000","uid_hash":null,"profile_uid":null,"company_linkedin_id":null,"lead_id":"5605a5023863320003d10300","lead_email":null,"complete":true,"priority":25}},
{"_index":"plugin_fetchables_production_20170703232747472","_type":"plugin/fetchable","_id":"5605a5143536310003070600","_score":1,"_source":{"updated_at":"2015-09-25T19:48:37.395Z","created_at":"2015-09-25T19:48:36.535Z","url":"https://www.linkedin.com/sales/profile/147314842,GVbd,NAME_SEARCH/connections?_=1443210513562","type":"linkedin_connections_data","description":"Ebru Aktas","source":null,"response_status":"200","campaign_id":"56058393333565000aa50000","company_id":null,"user_company_id":null,"user_id":"55e76b66336430000a0c0000","uid_hash":null,"profile_uid":null,"company_linkedin_id":null,"lead_id":"5605a5123536310003f40500","lead_email":null,"complete":true,"priority":25}},
{"_index":"plugin_fetchables_production_20170703232747472","_type":"plugin/fetchable","_id":"5605a50e6331610003ae0600","_score":1,"_source":{"updated_at":"2015-09-25T19:48:30.412Z","created_at":"2015-09-25T19:48:30.412Z","url":"https://www.linkedin.com/sales/profile/57774987,zI7q,NAME_SEARCH/connections?_=1443210508268","type":"linkedin_connections_data","description":"Tuğçe Karlı Başeski","source":null,"response_status":null,"campaign_id":"56058393333565000aa50000","company_id":null,"user_company_id":null,"user_id":"55afe3bd65326600037f0700","uid_hash":null,"profile_uid":null,"company_linkedin_id":null,"lead_id":"5605a50d6331610003a60600","lead_email":null,"complete":false,"priority":26}},
{"_index":"plugin_fetchables_production_20170703232747472","_type":"plugin/fetchable","_id":"5605a5253535350003cd0500","_score":1,"_source":{"updated_at":"2015-09-28T15:22:55.733Z","created_at":"2015-09-25T19:48:53.407Z","url":"https://www.linkedin.com/sales/profile/22262753,oNCb,NAME_SEARCH/connections?_=1443210530845","type":"linkedin_connections_data","description":"Guclu Kaya","source":null,"response_status":"200","campaign_id":"56058393333565000aa50000","company_id":null,"user_company_id":null,"user_id":"55b26a8036373100171d0000","uid_hash":null,"profile_uid":null,"company_linkedin_id":null,"lead_id":"5605a5243535350003c20500","lead_email":null,"complete":true,"priority":25}},
{"_index":"plugin_fetchables_production_20170703232747472","_type":"plugin/fetchable","_id":"5605a5293863320003f20300","_score":1,"_source":{"updated_at":"2015-09-25T19:48:58.469Z","created_at":"2015-09-25T19:48:57.587Z","url":"https://www.linkedin.com/sales/profile/65142871,Pqz6,NAME_SEARCH/connections?_=1443210534427","type":"linkedin_connections_data","description":"Barış Gülmez","source":null,"response_status":"200","campaign_id":"56058393333565000aa50000","company_id":null,"user_company_id":null,"user_id":"55b26ab3396664000a170000","uid_hash":null,"profile_uid":null,"company_linkedin_id":null,"lead_id":"5605a5273863320003e40300","lead_email":null,"complete":true,"priority":25}},
{"_index":"plugin_fetchables_production_20170703232747472","_type":"plugin/fetchable","_id":"5605a52a3863320003f50300","_score":1,"_source":{"updated_at":"2015-09-25T21:05:15.894Z","created_at":"2015-09-25T19:48:58.061Z","url":"https://www.linkedin.com/sales/profile/65142871,Pqz6,NAME_SEARCH/connections?_=1443210534427","type":"linkedin_connections_data","description":"Barış Gülmez","source":null,"response_status":"200","campaign_id":"56058393333565000aa50000","company_id":null,"user_company_id":null,"user_id":"55b26aea3235380017190000","uid_hash":null,"profile_uid":null,"company_linkedin_id":null,"lead_id":"5605a5273863320003e40300","lead_email":null,"complete":true,"priority":25}}]